datasetkey	created	n_occ
4fa7b334-ce0d-4e88-aaae-2e0c138d049e	2007-12-19	10732472
82cb293c-f762-11e1-a439-00145eb45e9a	2007-12-19	3031067
82cc5c9e-f762-11e1-a439-00145eb45e9a	2007-12-19	13020611
82cd8df8-f762-11e1-a439-00145eb45e9a	2007-12-19	739418
b929f23d-290f-4e85-8f17-764c55b3b284	2007-12-19	718832
82ceb6ba-f762-11e1-a439-00145eb45e9a	2007-12-19	14523
82cfd6c6-f762-11e1-a439-00145eb45e9a	2007-12-19	25526
82d0e9e4-f762-11e1-a439-00145eb45e9a	2007-12-19	73544
82d21102-f762-11e1-a439-00145eb45e9a	2007-12-19	23128
82d32d8a-f762-11e1-a439-00145eb45e9a	2007-12-19	15883
82d43810-f762-11e1-a439-00145eb45e9a	2007-12-19	14885
82d54d68-f762-11e1-a439-00145eb45e9a	2007-12-19	190257
82d66fc2-f762-11e1-a439-00145eb45e9a	2007-12-19	1197
82d79276-f762-11e1-a439-00145eb45e9a	2007-12-19	832
82d8c0ec-f762-11e1-a439-00145eb45e9a	2007-12-19	7079
82d9ff5c-f762-11e1-a439-00145eb45e9a	2007-12-19	7460
82db2f8a-f762-11e1-a439-00145eb45e9a	2007-12-19	17957
82dc5194-f762-11e1-a439-00145eb45e9a	2007-12-19	39565
82dd797a-f762-11e1-a439-00145eb45e9a	2007-12-19	138961
82dea548-f762-11e1-a439-00145eb45e9a	2007-12-19	4603
82dfda58-f762-11e1-a439-00145eb45e9a	2007-12-19	21145
82e0ee52-f762-11e1-a439-00145eb45e9a	2007-12-19	1794
82e218a4-f762-11e1-a439-00145eb45e9a	2007-12-19	17000
82e33d42-f762-11e1-a439-00145eb45e9a	2007-12-19	7122
82e45d26-f762-11e1-a439-00145eb45e9a	2007-12-19	14435
82e57c42-f762-11e1-a439-00145eb45e9a	2007-12-19	563
82e6a41e-f762-11e1-a439-00145eb45e9a	2007-12-19	11330
82e7db90-f762-11e1-a439-00145eb45e9a	2007-12-19	2176
82e8ff34-f762-11e1-a439-00145eb45e9a	2007-12-19	248
82ea2cf6-f762-11e1-a439-00145eb45e9a	2007-12-19	46751
82eb67a6-f762-11e1-a439-00145eb45e9a	2007-12-19	1208
82ec8f46-f762-11e1-a439-00145eb45e9a	2007-12-19	7781
82eee8cc-f762-11e1-a439-00145eb45e9a	2007-12-19	4000
b276cb50-d3ea-11dc-ab69-b8a03c50a862	2007-12-19	6313
82f258ae-f762-11e1-a439-00145eb45e9a	2007-12-19	1494
82f4c440-f762-11e1-a439-00145eb45e9a	2007-12-19	12155
82f603dc-f762-11e1-a439-00145eb45e9a	2007-12-19	4580
82f73af4-f762-11e1-a439-00145eb45e9a	2007-12-19	11781
82fad3d0-f762-11e1-a439-00145eb45e9a	2007-12-19	599
82fd496c-f762-11e1-a439-00145eb45e9a	2007-12-19	2449
8300bfde-f762-11e1-a439-00145eb45e9a	2007-12-19	998
8301f44e-f762-11e1-a439-00145eb45e9a	2007-12-19	702
83032062-f762-11e1-a439-00145eb45e9a	2007-12-19	140
83043da8-f762-11e1-a439-00145eb45e9a	2007-12-19	28
8306a85e-f762-11e1-a439-00145eb45e9a	2007-12-19	1358
8307da4e-f762-11e1-a439-00145eb45e9a	2007-12-19	271
8309005e-f762-11e1-a439-00145eb45e9a	2007-12-19	88335
830a1f84-f762-11e1-a439-00145eb45e9a	2007-12-19	17373
830b4af8-f762-11e1-a439-00145eb45e9a	2007-12-19	43356
830c7b08-f762-11e1-a439-00145eb45e9a	2007-12-19	6299
830da118-f762-11e1-a439-00145eb45e9a	2007-12-19	115683
830eb5d0-f762-11e1-a439-00145eb45e9a	2007-12-19	52430
830fd460-f762-11e1-a439-00145eb45e9a	2007-12-19	65063
8310f570-f762-11e1-a439-00145eb45e9a	2007-12-19	157387
831234b2-f762-11e1-a439-00145eb45e9a	2007-12-19	111970
831df888-f762-11e1-a439-00145eb45e9a	2007-12-19	662
831f2f46-f762-11e1-a439-00145eb45e9a	2007-12-19	144
13b70480-bd69-11dd-b15f-b8a03c50a862	2007-12-19	105092
83216388-f762-11e1-a439-00145eb45e9a	2007-12-19	190
832282e0-f762-11e1-a439-00145eb45e9a	2007-12-19	24958
8323a4b8-f762-11e1-a439-00145eb45e9a	2007-12-19	193241
8324c0dc-f762-11e1-a439-00145eb45e9a	2007-12-19	819
8325e0d4-f762-11e1-a439-00145eb45e9a	2007-12-19	6639
8326ef10-f762-11e1-a439-00145eb45e9a	2007-12-19	175
8328216e-f762-11e1-a439-00145eb45e9a	2007-12-19	59406
832a5f06-f762-11e1-a439-00145eb45e9a	2007-12-19	31063
832b8188-f762-11e1-a439-00145eb45e9a	2007-12-19	147567
832cb04e-f762-11e1-a439-00145eb45e9a	2007-12-19	68253
832ef746-f762-11e1-a439-00145eb45e9a	2007-12-19	25955
8331311e-f762-11e1-a439-00145eb45e9a	2007-12-19	478
83325c60-f762-11e1-a439-00145eb45e9a	2007-12-19	5549
83338752-f762-11e1-a439-00145eb45e9a	2007-12-19	218
83380a34-f762-11e1-a439-00145eb45e9a	2007-12-19	6
1c334170-7ed1-11df-8c4a-0800200c9a66	2007-12-19	52237
833c9914-f762-11e1-a439-00145eb45e9a	2007-12-19	25592
833db434-f762-11e1-a439-00145eb45e9a	2007-12-19	121599
833ff136-f762-11e1-a439-00145eb45e9a	2007-12-19	2586
83422c44-f762-11e1-a439-00145eb45e9a	2007-12-19	83295
83435394-f762-11e1-a439-00145eb45e9a	2007-12-19	50424
83459d16-f762-11e1-a439-00145eb45e9a	2007-12-19	8096
8346c3a8-f762-11e1-a439-00145eb45e9a	2007-12-19	25140
8347f6ba-f762-11e1-a439-00145eb45e9a	2007-12-19	4071
83492a58-f762-11e1-a439-00145eb45e9a	2007-12-19	14842
834a4794-f762-11e1-a439-00145eb45e9a	2007-12-19	39544
834b7330-f762-11e1-a439-00145eb45e9a	2007-12-19	26756
834c9918-f762-11e1-a439-00145eb45e9a	2007-12-19	187911
834dcb62-f762-11e1-a439-00145eb45e9a	2007-12-19	9158
834f1756-f762-11e1-a439-00145eb45e9a	2007-12-19	20945
83504144-f762-11e1-a439-00145eb45e9a	2007-12-19	9726
835177da-f762-11e1-a439-00145eb45e9a	2007-12-19	26852
83529de0-f762-11e1-a439-00145eb45e9a	2007-12-19	50939
8353c5bc-f762-11e1-a439-00145eb45e9a	2007-12-19	34527
8354ecee-f762-11e1-a439-00145eb45e9a	2007-12-19	15092
835613da-f762-11e1-a439-00145eb45e9a	2007-12-19	4971
835727b6-f762-11e1-a439-00145eb45e9a	2007-12-19	4288
835852b2-f762-11e1-a439-00145eb45e9a	2007-12-19	11256
835ac57e-f762-11e1-a439-00145eb45e9a	2007-12-19	11209
835bf26e-f762-11e1-a439-00145eb45e9a	2007-12-19	1048
835d30de-f762-11e1-a439-00145eb45e9a	2007-12-19	26213
835e62e2-f762-11e1-a439-00145eb45e9a	2007-12-19	20973
835f8992-f762-11e1-a439-00145eb45e9a	2007-12-19	13865
8360b042-f762-11e1-a439-00145eb45e9a	2007-12-19	5638
836c3a66-f762-11e1-a439-00145eb45e9a	2007-12-19	3618
836d7642-f762-11e1-a439-00145eb45e9a	2007-12-19	4
83713818-f762-11e1-a439-00145eb45e9a	2007-12-19	114174
83725ef0-f762-11e1-a439-00145eb45e9a	2007-12-19	53
837381f4-f762-11e1-a439-00145eb45e9a	2007-12-19	3110
8374a9a8-f762-11e1-a439-00145eb45e9a	2007-12-19	10270
8375dada-f762-11e1-a439-00145eb45e9a	2007-12-19	37173
83771684-f762-11e1-a439-00145eb45e9a	2007-12-19	11455
83784f5e-f762-11e1-a439-00145eb45e9a	2007-12-19	4235
8379962a-f762-11e1-a439-00145eb45e9a	2007-12-19	46740
837acfc2-f762-11e1-a439-00145eb45e9a	2007-12-19	17269
837c0162-f762-11e1-a439-00145eb45e9a	2007-12-19	7356
837d1c8c-f762-11e1-a439-00145eb45e9a	2007-12-19	2980
837e52dc-f762-11e1-a439-00145eb45e9a	2007-12-19	4015
837f8ba2-f762-11e1-a439-00145eb45e9a	2007-12-19	3302
8380d926-f762-11e1-a439-00145eb45e9a	2007-12-19	6048
838211b0-f762-11e1-a439-00145eb45e9a	2007-12-19	1116
838350b6-f762-11e1-a439-00145eb45e9a	2007-12-19	6560
838475f4-f762-11e1-a439-00145eb45e9a	2007-12-19	13490
8385a082-f762-11e1-a439-00145eb45e9a	2007-12-19	4052
8386db32-f762-11e1-a439-00145eb45e9a	2007-12-19	937
83880886-f762-11e1-a439-00145eb45e9a	2007-12-19	1599
83893c4c-f762-11e1-a439-00145eb45e9a	2007-12-19	750
838a6ba8-f762-11e1-a439-00145eb45e9a	2007-12-19	26559
838bb5ee-f762-11e1-a439-00145eb45e9a	2007-12-19	39882
838cf80a-f762-11e1-a439-00145eb45e9a	2007-12-19	241320
838e2626-f762-11e1-a439-00145eb45e9a	2007-12-19	1269102
838f42d6-f762-11e1-a439-00145eb45e9a	2007-12-19	7318
8392d3f6-f762-11e1-a439-00145eb45e9a	2007-12-19	635
83951602-f762-11e1-a439-00145eb45e9a	2007-12-19	3210
83963a82-f762-11e1-a439-00145eb45e9a	2007-12-19	2095
8397569c-f762-11e1-a439-00145eb45e9a	2007-12-19	1555
83986ffa-f762-11e1-a439-00145eb45e9a	2007-12-19	721891
8399a5be-f762-11e1-a439-00145eb45e9a	2007-12-19	156948
839adc04-f762-11e1-a439-00145eb45e9a	2007-12-19	422150
839bf3b4-f762-11e1-a439-00145eb45e9a	2007-12-19	5311
839d1da2-f762-11e1-a439-00145eb45e9a	2007-12-19	8029
839e3958-f762-11e1-a439-00145eb45e9a	2007-12-19	2583
839f7426-f762-11e1-a439-00145eb45e9a	2007-12-19	3617
83a09216-f762-11e1-a439-00145eb45e9a	2007-12-19	16261
83a1a8c2-f762-11e1-a439-00145eb45e9a	2007-12-19	1028827
83a2cc02-f762-11e1-a439-00145eb45e9a	2007-12-19	28901
83a3f29e-f762-11e1-a439-00145eb45e9a	2007-12-19	11300
83a517aa-f762-11e1-a439-00145eb45e9a	2007-12-19	125272
83a65020-f762-11e1-a439-00145eb45e9a	2007-12-19	3437
83a7950c-f762-11e1-a439-00145eb45e9a	2007-12-19	12702
83a8c0da-f762-11e1-a439-00145eb45e9a	2007-12-19	39897
83a9e99c-f762-11e1-a439-00145eb45e9a	2007-12-19	2636
83ab0f8e-f762-11e1-a439-00145eb45e9a	2007-12-19	579
83ac301c-f762-11e1-a439-00145eb45e9a	2007-12-19	4762
83ad4862-f762-11e1-a439-00145eb45e9a	2007-12-19	26
83ae75fc-f762-11e1-a439-00145eb45e9a	2007-12-19	466734
83afb58e-f762-11e1-a439-00145eb45e9a	2007-12-19	3132
83b0cc08-f762-11e1-a439-00145eb45e9a	2007-12-19	486
83b1eeda-f762-11e1-a439-00145eb45e9a	2007-12-19	9491
83b31e72-f762-11e1-a439-00145eb45e9a	2007-12-19	22783
83b45ca6-f762-11e1-a439-00145eb45e9a	2007-12-19	68510
83b58bb2-f762-11e1-a439-00145eb45e9a	2007-12-19	377929
83b6a6b4-f762-11e1-a439-00145eb45e9a	2007-12-19	1664
83b7d732-f762-11e1-a439-00145eb45e9a	2007-12-19	573
83b90d28-f762-11e1-a439-00145eb45e9a	2007-12-19	2591
83ba514c-f762-11e1-a439-00145eb45e9a	2007-12-19	106342
83bb72ac-f762-11e1-a439-00145eb45e9a	2007-12-19	24645
83bc933a-f762-11e1-a439-00145eb45e9a	2007-12-19	1314
83bdb6a2-f762-11e1-a439-00145eb45e9a	2007-12-19	8944
83bede10-f762-11e1-a439-00145eb45e9a	2007-12-19	27313
83bffd22-f762-11e1-a439-00145eb45e9a	2007-12-19	1214
83c13494-f762-11e1-a439-00145eb45e9a	2007-12-19	31747
83c25cb6-f762-11e1-a439-00145eb45e9a	2007-12-19	21086
83c36a52-f762-11e1-a439-00145eb45e9a	2007-12-19	6450
83c483d8-f762-11e1-a439-00145eb45e9a	2007-12-19	2588
83c5b21c-f762-11e1-a439-00145eb45e9a	2007-12-19	1004
83c6f3fc-f762-11e1-a439-00145eb45e9a	2007-12-19	603
83c83186-f762-11e1-a439-00145eb45e9a	2007-12-19	539
83c964d4-f762-11e1-a439-00145eb45e9a	2007-12-19	47626
83cbb4fa-f762-11e1-a439-00145eb45e9a	2007-12-19	1734
83ccef78-f762-11e1-a439-00145eb45e9a	2007-12-19	2810
83ce2bd6-f762-11e1-a439-00145eb45e9a	2007-12-19	4500
83cf5830-f762-11e1-a439-00145eb45e9a	2007-12-19	1888
83d07ce2-f762-11e1-a439-00145eb45e9a	2007-12-19	16585
83d19780-f762-11e1-a439-00145eb45e9a	2007-12-19	1782
83d2bb06-f762-11e1-a439-00145eb45e9a	2007-12-19	49
83d3fb7e-f762-11e1-a439-00145eb45e9a	2007-12-19	868
83d53d40-f762-11e1-a439-00145eb45e9a	2007-12-19	342
83d67ffc-f762-11e1-a439-00145eb45e9a	2007-12-19	559
83d7b502-f762-11e1-a439-00145eb45e9a	2007-12-19	32
83d8f908-f762-11e1-a439-00145eb45e9a	2007-12-19	10336
83da3aa2-f762-11e1-a439-00145eb45e9a	2007-12-19	78
83db7836-f762-11e1-a439-00145eb45e9a	2007-12-19	7490
83dcb886-f762-11e1-a439-00145eb45e9a	2007-12-19	34341
83dde5e4-f762-11e1-a439-00145eb45e9a	2007-12-19	4129
83df16a8-f762-11e1-a439-00145eb45e9a	2007-12-19	4808
83e03cc2-f762-11e1-a439-00145eb45e9a	2007-12-19	557
83e187c6-f762-11e1-a439-00145eb45e9a	2007-12-19	1465
83e29da0-f762-11e1-a439-00145eb45e9a	2007-12-19	5449
83e3bfd2-f762-11e1-a439-00145eb45e9a	2007-12-19	16489
83e4e682-f762-11e1-a439-00145eb45e9a	2007-12-19	1093
83e61354-f762-11e1-a439-00145eb45e9a	2007-12-19	2618
83e735ae-f762-11e1-a439-00145eb45e9a	2007-12-19	60445
83e860d2-f762-11e1-a439-00145eb45e9a	2007-12-19	56390
83e997b8-f762-11e1-a439-00145eb45e9a	2007-12-19	26515
83eabf30-f762-11e1-a439-00145eb45e9a	2007-12-19	15016
83ec00fc-f762-11e1-a439-00145eb45e9a	2007-12-19	1184
83ed3f62-f762-11e1-a439-00145eb45e9a	2007-12-19	2440
83ee731e-f762-11e1-a439-00145eb45e9a	2007-12-19	91705
83efab44-f762-11e1-a439-00145eb45e9a	2007-12-19	15586
83f0d4f6-f762-11e1-a439-00145eb45e9a	2007-12-19	6870
83f20470-f762-11e1-a439-00145eb45e9a	2007-12-19	1933
83f44d48-f762-11e1-a439-00145eb45e9a	2007-12-19	33162
83f57722-f762-11e1-a439-00145eb45e9a	2007-12-19	9031
83f69d96-f762-11e1-a439-00145eb45e9a	2007-12-19	14484
83f7c860-f762-11e1-a439-00145eb45e9a	2007-12-19	7664
83f90252-f762-11e1-a439-00145eb45e9a	2007-12-19	9649
83fa2844-f762-11e1-a439-00145eb45e9a	2007-12-19	6019
83fb5688-f762-11e1-a439-00145eb45e9a	2007-12-19	588
83fc8030-f762-11e1-a439-00145eb45e9a	2007-12-19	1492
83fdaa14-f762-11e1-a439-00145eb45e9a	2007-12-19	6629
83fef676-f762-11e1-a439-00145eb45e9a	2007-12-19	22499
84003cc0-f762-11e1-a439-00145eb45e9a	2007-12-19	7535
84016b5e-f762-11e1-a439-00145eb45e9a	2007-12-19	58614
84028840-f762-11e1-a439-00145eb45e9a	2007-12-19	72615
8403b56c-f762-11e1-a439-00145eb45e9a	2007-12-19	18636
8404cf24-f762-11e1-a439-00145eb45e9a	2007-12-19	35020
84060894-f762-11e1-a439-00145eb45e9a	2007-12-19	9321
84074c72-f762-11e1-a439-00145eb45e9a	2007-12-19	41548
8408a932-f762-11e1-a439-00145eb45e9a	2007-12-19	49406
8409e32e-f762-11e1-a439-00145eb45e9a	2007-12-19	73821
840b34b8-f762-11e1-a439-00145eb45e9a	2007-12-19	67530
840c7576-f762-11e1-a439-00145eb45e9a	2007-12-19	85439
840da1da-f762-11e1-a439-00145eb45e9a	2007-12-19	71368
840ebec6-f762-11e1-a439-00145eb45e9a	2007-12-19	2584
840fe92c-f762-11e1-a439-00145eb45e9a	2007-12-19	84070
84111c84-f762-11e1-a439-00145eb45e9a	2007-12-19	70704
841246ea-f762-11e1-a439-00145eb45e9a	2007-12-19	93840
84135e18-f762-11e1-a439-00145eb45e9a	2007-12-19	69009
84147f14-f762-11e1-a439-00145eb45e9a	2007-12-19	74164
8415ad6c-f762-11e1-a439-00145eb45e9a	2007-12-19	55256
8416eeac-f762-11e1-a439-00145eb45e9a	2007-12-19	63349
841816d8-f762-11e1-a439-00145eb45e9a	2007-12-19	39784
8419539a-f762-11e1-a439-00145eb45e9a	2007-12-19	35693
841a79e6-f762-11e1-a439-00145eb45e9a	2007-12-19	34978
841bc6e8-f762-11e1-a439-00145eb45e9a	2007-12-19	33467
841ceae6-f762-11e1-a439-00145eb45e9a	2007-12-19	31157
841e179a-f762-11e1-a439-00145eb45e9a	2007-12-19	45841
841f4660-f762-11e1-a439-00145eb45e9a	2007-12-19	39333
84207134-f762-11e1-a439-00145eb45e9a	2007-12-19	40812
842195a0-f762-11e1-a439-00145eb45e9a	2007-12-19	32466
8422beb2-f762-11e1-a439-00145eb45e9a	2007-12-19	77301
84240cc2-f762-11e1-a439-00145eb45e9a	2007-12-19	61234
84254574-f762-11e1-a439-00145eb45e9a	2007-12-19	81105
84268ca4-f762-11e1-a439-00145eb45e9a	2007-12-19	69959
8427b732-f762-11e1-a439-00145eb45e9a	2007-12-19	81490
8428fc96-f762-11e1-a439-00145eb45e9a	2007-12-19	68081
842a2b0c-f762-11e1-a439-00145eb45e9a	2007-12-19	80742
842b66f2-f762-11e1-a439-00145eb45e9a	2007-12-19	63084
842c8906-f762-11e1-a439-00145eb45e9a	2007-12-19	72391
842dbfec-f762-11e1-a439-00145eb45e9a	2007-12-19	62592
842f0c9e-f762-11e1-a439-00145eb45e9a	2007-12-19	11626
84304262-f762-11e1-a439-00145eb45e9a	2007-12-19	1237
8431711e-f762-11e1-a439-00145eb45e9a	2007-12-19	5761
84329256-f762-11e1-a439-00145eb45e9a	2007-12-19	34734
8433c45a-f762-11e1-a439-00145eb45e9a	2007-12-19	517
84352188-f762-11e1-a439-00145eb45e9a	2007-12-19	40
843672e0-f762-11e1-a439-00145eb45e9a	2007-12-19	447
8437dd4c-f762-11e1-a439-00145eb45e9a	2007-12-19	549
84392896-f762-11e1-a439-00145eb45e9a	2007-12-19	1769
843a66a2-f762-11e1-a439-00145eb45e9a	2007-12-19	538851
ee27b1b0-3b55-11dc-8c18-b8a03c50a862	2007-12-19	60375
3c6e7390-3b56-11dc-8c19-b8a03c50a862	2007-12-19	9792
788439f0-3b56-11dc-8c19-b8a03c50a862	2007-12-19	1230941
df582950-3b58-11dc-8c19-b8a03c50a862	2007-12-19	98046
843cc7a8-f762-11e1-a439-00145eb45e9a	2007-12-19	22700
843df0c4-f762-11e1-a439-00145eb45e9a	2007-12-19	26375
843f1abc-f762-11e1-a439-00145eb45e9a	2007-12-19	9810
844040a4-f762-11e1-a439-00145eb45e9a	2007-12-19	44198
8441659c-f762-11e1-a439-00145eb45e9a	2007-12-19	73
84428b0c-f762-11e1-a439-00145eb45e9a	2007-12-19	1678
8443c83c-f762-11e1-a439-00145eb45e9a	2007-12-19	3079
8444ef8c-f762-11e1-a439-00145eb45e9a	2007-12-19	321
84461682-f762-11e1-a439-00145eb45e9a	2007-12-19	6987
84472eb4-f762-11e1-a439-00145eb45e9a	2007-12-19	29477
844858d4-f762-11e1-a439-00145eb45e9a	2007-12-19	1224
84498358-f762-11e1-a439-00145eb45e9a	2007-12-19	372
844aa7ec-f762-11e1-a439-00145eb45e9a	2007-12-19	599
844be79c-f762-11e1-a439-00145eb45e9a	2007-12-19	210
844d1b44-f762-11e1-a439-00145eb45e9a	2007-12-19	292
844e3b00-f762-11e1-a439-00145eb45e9a	2007-12-19	1513
844f5238-f762-11e1-a439-00145eb45e9a	2007-12-19	546
84507d0c-f762-11e1-a439-00145eb45e9a	2007-12-19	54
84519688-f762-11e1-a439-00145eb45e9a	2007-12-19	243
8452a816-f762-11e1-a439-00145eb45e9a	2007-12-19	1614
8453c408-f762-11e1-a439-00145eb45e9a	2007-12-19	28
8454dd02-f762-11e1-a439-00145eb45e9a	2007-12-19	321
84572b02-f762-11e1-a439-00145eb45e9a	2007-12-19	591
84585efa-f762-11e1-a439-00145eb45e9a	2007-12-19	3420
845972b8-f762-11e1-a439-00145eb45e9a	2007-12-19	243
845aa16a-f762-11e1-a439-00145eb45e9a	2007-12-19	5
845cebe6-f762-11e1-a439-00145eb45e9a	2007-12-19	24286
845e169c-f762-11e1-a439-00145eb45e9a	2007-12-19	26
845f4364-f762-11e1-a439-00145eb45e9a	2007-12-19	48566
84606c08-f762-11e1-a439-00145eb45e9a	2007-12-19	4641
8461820a-f762-11e1-a439-00145eb45e9a	2007-12-19	26686
846296d6-f762-11e1-a439-00145eb45e9a	2007-12-19	2042
8463b732-f762-11e1-a439-00145eb45e9a	2007-12-19	11926
8464c76c-f762-11e1-a439-00145eb45e9a	2007-12-19	25959
8465fd6c-f762-11e1-a439-00145eb45e9a	2007-12-19	13570
84676332-f762-11e1-a439-00145eb45e9a	2007-12-19	362
84687bdc-f762-11e1-a439-00145eb45e9a	2007-12-19	963
8469ab38-f762-11e1-a439-00145eb45e9a	2007-12-19	510
846ac3b0-f762-11e1-a439-00145eb45e9a	2007-12-19	1023
846be060-f762-11e1-a439-00145eb45e9a	2007-12-19	368
846d0710-f762-11e1-a439-00145eb45e9a	2007-12-19	3956
846f6a46-f762-11e1-a439-00145eb45e9a	2007-12-19	14
847096dc-f762-11e1-a439-00145eb45e9a	2007-12-19	84
8471a720-f762-11e1-a439-00145eb45e9a	2007-12-19	10760
8472b4b2-f762-11e1-a439-00145eb45e9a	2007-12-19	6323
84750258-f762-11e1-a439-00145eb45e9a	2007-12-19	14091
847620ca-f762-11e1-a439-00145eb45e9a	2007-12-19	1657
8477542c-f762-11e1-a439-00145eb45e9a	2007-12-19	4241
84786a2e-f762-11e1-a439-00145eb45e9a	2007-12-19	73617
84797ee6-f762-11e1-a439-00145eb45e9a	2007-12-19	33486
847aa410-f762-11e1-a439-00145eb45e9a	2007-12-19	34589
847bbbde-f762-11e1-a439-00145eb45e9a	2007-12-19	76523
847e2306-f762-11e1-a439-00145eb45e9a	2007-12-19	31098
847f5564-f762-11e1-a439-00145eb45e9a	2007-12-19	21333
84806e86-f762-11e1-a439-00145eb45e9a	2007-12-19	686047
848182d0-f762-11e1-a439-00145eb45e9a	2007-12-19	191859
84829fe4-f762-11e1-a439-00145eb45e9a	2007-12-19	163562
8483c6a8-f762-11e1-a439-00145eb45e9a	2007-12-19	70629
8484ee16-f762-11e1-a439-00145eb45e9a	2007-12-19	143421
84860602-f762-11e1-a439-00145eb45e9a	2007-12-19	216191
84873266-f762-11e1-a439-00145eb45e9a	2007-12-19	68633
84887194-f762-11e1-a439-00145eb45e9a	2007-12-19	82221
84899ff6-f762-11e1-a439-00145eb45e9a	2007-12-19	8424
848ae956-f762-11e1-a439-00145eb45e9a	2007-12-19	61010
848c1560-f762-11e1-a439-00145eb45e9a	2007-12-19	4997
848d312a-f762-11e1-a439-00145eb45e9a	2007-12-19	19628
848e55dc-f762-11e1-a439-00145eb45e9a	2007-12-19	18155
848f7570-f762-11e1-a439-00145eb45e9a	2007-12-19	5512
8490a652-f762-11e1-a439-00145eb45e9a	2007-12-19	21243
8491c136-f762-11e1-a439-00145eb45e9a	2007-12-19	10006
8492ecf0-f762-11e1-a439-00145eb45e9a	2007-12-19	14850
84941b7a-f762-11e1-a439-00145eb45e9a	2007-12-19	10070
8495457c-f762-11e1-a439-00145eb45e9a	2007-12-19	16571
84968040-f762-11e1-a439-00145eb45e9a	2007-12-19	11986
84979f16-f762-11e1-a439-00145eb45e9a	2007-12-19	3983
8498cbf2-f762-11e1-a439-00145eb45e9a	2007-12-19	31494
8499f554-f762-11e1-a439-00145eb45e9a	2007-12-19	10151
849b20aa-f762-11e1-a439-00145eb45e9a	2007-12-19	5049
849c69c4-f762-11e1-a439-00145eb45e9a	2007-12-19	639061
849dabae-f762-11e1-a439-00145eb45e9a	2007-12-19	14061
849f0a76-f762-11e1-a439-00145eb45e9a	2007-12-19	17900
84a05dc2-f762-11e1-a439-00145eb45e9a	2007-12-19	11027
84a1a7e0-f762-11e1-a439-00145eb45e9a	2007-12-19	36254
84a2fe56-f762-11e1-a439-00145eb45e9a	2007-12-19	4734
84a4404a-f762-11e1-a439-00145eb45e9a	2007-12-19	9674
84a5a08e-f762-11e1-a439-00145eb45e9a	2007-12-19	5000
84a6d076-f762-11e1-a439-00145eb45e9a	2007-12-19	231
84a80b12-f762-11e1-a439-00145eb45e9a	2007-12-19	7926
84a930fa-f762-11e1-a439-00145eb45e9a	2007-12-19	1046
84aa5ee4-f762-11e1-a439-00145eb45e9a	2007-12-19	149130
84ab7b76-f762-11e1-a439-00145eb45e9a	2007-12-19	120060
84aca1ae-f762-11e1-a439-00145eb45e9a	2007-12-19	115977
84b130ac-f762-11e1-a439-00145eb45e9a	2007-12-19	28761
84b26828-f762-11e1-a439-00145eb45e9a	2007-12-19	22800
8411c274-49e8-4871-8ddd-9244ab7ae5d2	2007-12-19	19614
84b4d6e4-f762-11e1-a439-00145eb45e9a	2007-12-19	67978
84b60348-f762-11e1-a439-00145eb45e9a	2007-12-19	22944
84b72ee4-f762-11e1-a439-00145eb45e9a	2007-12-19	20667
84b85d1e-f762-11e1-a439-00145eb45e9a	2007-12-19	477
84b991ca-f762-11e1-a439-00145eb45e9a	2007-12-19	11009
cecd0557-5f3d-4ca2-b0bd-89e84a89f0e5	2007-12-19	4
e83530dd-2124-4bf9-811a-e8e5a5d666f2	2007-12-19	3
84bfc46e-f762-11e1-a439-00145eb45e9a	2007-12-19	30299
84c0e1a0-f762-11e1-a439-00145eb45e9a	2007-12-19	75591
84c1fa90-f762-11e1-a439-00145eb45e9a	2007-12-19	175596
985a48b0-c060-11dd-a30f-b8a03c50a862	2007-12-19	14195
138bfea0-c063-11dd-a30f-b8a03c50a862	2007-12-19	24794
ab0b73e0-c064-11dd-a311-b8a03c50a862	2007-12-19	3816
b6ca95b0-c066-11dd-a312-b8a03c50a862	2007-12-19	211
352c0f50-c08b-11dd-a312-b8a03c50a862	2007-12-19	85970
84c333ce-f762-11e1-a439-00145eb45e9a	2007-12-19	1825
84c4638e-f762-11e1-a439-00145eb45e9a	2007-12-19	557
84c58b60-f762-11e1-a439-00145eb45e9a	2007-12-19	25333
84c6cb56-f762-11e1-a439-00145eb45e9a	2007-12-19	24797
84c7f198-f762-11e1-a439-00145eb45e9a	2007-12-19	7939
84c91672-f762-11e1-a439-00145eb45e9a	2007-12-19	9899
84ca3ea8-f762-11e1-a439-00145eb45e9a	2007-12-19	770
84cb653a-f762-11e1-a439-00145eb45e9a	2007-12-19	577
84cca7ba-f762-11e1-a439-00145eb45e9a	2007-12-19	4085
84cdd6d0-f762-11e1-a439-00145eb45e9a	2007-12-19	6957
84cf0294-f762-11e1-a439-00145eb45e9a	2007-12-19	14472
84d02250-f762-11e1-a439-00145eb45e9a	2007-12-19	12844
84d13eba-f762-11e1-a439-00145eb45e9a	2007-12-19	46928
84d26682-f762-11e1-a439-00145eb45e9a	2007-12-19	80602
84d3829c-f762-11e1-a439-00145eb45e9a	2007-12-19	18612
84d4a910-f762-11e1-a439-00145eb45e9a	2007-12-19	1321
84d5d4b6-f762-11e1-a439-00145eb45e9a	2007-12-19	19760
84d6fd32-f762-11e1-a439-00145eb45e9a	2007-12-19	230
84d8287e-f762-11e1-a439-00145eb45e9a	2007-12-19	88
84d94b5a-f762-11e1-a439-00145eb45e9a	2007-12-19	3299
84da8240-f762-11e1-a439-00145eb45e9a	2007-12-19	17788
84dbaec2-f762-11e1-a439-00145eb45e9a	2007-12-19	70229
84dce260-f762-11e1-a439-00145eb45e9a	2007-12-19	1901
84de00a0-f762-11e1-a439-00145eb45e9a	2007-12-19	34220
84df0fea-f762-11e1-a439-00145eb45e9a	2007-12-19	4581
84e0347e-f762-11e1-a439-00145eb45e9a	2007-12-19	13391
84e142ce-f762-11e1-a439-00145eb45e9a	2007-12-19	79154
84e26d2a-f762-11e1-a439-00145eb45e9a	2007-12-19	6031
84e38c64-f762-11e1-a439-00145eb45e9a	2007-12-19	5583
84e4bc6a-f762-11e1-a439-00145eb45e9a	2007-12-19	103
84e5cf60-f762-11e1-a439-00145eb45e9a	2007-12-19	13708
84e6e5f8-f762-11e1-a439-00145eb45e9a	2007-12-19	36608
84e823d2-f762-11e1-a439-00145eb45e9a	2007-12-19	13464
84e94348-f762-11e1-a439-00145eb45e9a	2007-12-19	13442
84ea67fa-f762-11e1-a439-00145eb45e9a	2007-12-19	2291
84eb976a-f762-11e1-a439-00145eb45e9a	2007-12-19	886
84ecc4aa-f762-11e1-a439-00145eb45e9a	2007-12-19	2410
84ede380-f762-11e1-a439-00145eb45e9a	2007-12-19	59704
84ef1c14-f762-11e1-a439-00145eb45e9a	2007-12-19	1393
84f15204-f762-11e1-a439-00145eb45e9a	2007-12-19	4547
84f3b06c-f762-11e1-a439-00145eb45e9a	2007-12-19	5308
84f4df14-f762-11e1-a439-00145eb45e9a	2007-12-19	40
84f728be-f762-11e1-a439-00145eb45e9a	2007-12-19	1367
84f8471c-f762-11e1-a439-00145eb45e9a	2007-12-19	11996
84f9770e-f762-11e1-a439-00145eb45e9a	2007-12-19	34905
84faa3a4-f762-11e1-a439-00145eb45e9a	2007-12-19	39452
84fbcbee-f762-11e1-a439-00145eb45e9a	2007-12-19	26676
84fcf410-f762-11e1-a439-00145eb45e9a	2007-12-19	109
84fe4716-f762-11e1-a439-00145eb45e9a	2007-12-19	49
84ff719a-f762-11e1-a439-00145eb45e9a	2007-12-19	26158
8500982c-f762-11e1-a439-00145eb45e9a	2007-12-19	3434
8501be96-f762-11e1-a439-00145eb45e9a	2007-12-19	534
8502ed8e-f762-11e1-a439-00145eb45e9a	2007-12-19	12095
85042096-f762-11e1-a439-00145eb45e9a	2007-12-19	40472
8505687a-f762-11e1-a439-00145eb45e9a	2007-12-19	5716
8506ad84-f762-11e1-a439-00145eb45e9a	2007-12-19	5545
8507dbf0-f762-11e1-a439-00145eb45e9a	2007-12-19	8034
8508f6fc-f762-11e1-a439-00145eb45e9a	2007-12-19	58
850a1e38-f762-11e1-a439-00145eb45e9a	2007-12-19	22
850b564a-f762-11e1-a439-00145eb45e9a	2007-12-19	15988
850c8236-f762-11e1-a439-00145eb45e9a	2007-12-19	96
850dd1ae-f762-11e1-a439-00145eb45e9a	2007-12-19	265
850f0510-f762-11e1-a439-00145eb45e9a	2007-12-19	241
85102666-f762-11e1-a439-00145eb45e9a	2007-12-19	5159
85114140-f762-11e1-a439-00145eb45e9a	2007-12-19	188
85127fa6-f762-11e1-a439-00145eb45e9a	2007-12-19	101
8513ad2c-f762-11e1-a439-00145eb45e9a	2007-12-19	323
8514f100-f762-11e1-a439-00145eb45e9a	2007-12-19	894
851630b0-f762-11e1-a439-00145eb45e9a	2007-12-19	1824
85199976-f762-11e1-a439-00145eb45e9a	2007-12-19	892
851ab8c4-f762-11e1-a439-00145eb45e9a	2007-12-19	46030
851bd272-f762-11e1-a439-00145eb45e9a	2007-12-19	119
851d09f8-f762-11e1-a439-00145eb45e9a	2007-12-19	181
851e2ebe-f762-11e1-a439-00145eb45e9a	2007-12-19	67
85206c74-f762-11e1-a439-00145eb45e9a	2007-12-19	36
8521931a-f762-11e1-a439-00145eb45e9a	2007-12-19	522
8522cd98-f762-11e1-a439-00145eb45e9a	2007-12-19	1030
8523e688-f762-11e1-a439-00145eb45e9a	2007-12-19	92
4bd64435-fb04-494a-a344-0218ea59a7d4	2007-12-19	2309
828c029f-d35b-4c09-9b81-e2a7b65cd925	2007-12-19	60184
086a644d-6cbe-43b7-b7c7-d33d36028d7f	2007-12-19	10506811
0746c784-cafe-42bd-8800-8af5cc7f0ace	2007-12-19	216700
52abfd10-81eb-4ca2-afcd-9493d837c772	2007-12-19	40481
659647c1-f24b-432a-9275-862e159ef50d	2007-12-19	202820
223cda1d-bf1d-434b-b360-b24298ddc0e2	2007-12-19	12813
ce2583cc-da9e-440f-8811-44a1f8230484	2007-12-19	135333
7cf02f7c-4914-4f1a-9b24-287b8a12f8d5	2007-12-19	4249
b7f658b6-b5ab-4d26-9088-ed6db817a616	2007-12-19	28345
65c84b10-5074-4bf9-a759-0d524dd449fe	2007-12-19	11194
85ea8d92-bbc0-452e-a795-2805527508e3	2007-12-19	31218
b40ee5d3-efae-4023-884d-31aff7b9a3e1	2007-12-19	250
c0dd4990-1803-4d6b-bc06-2f7eeaba100d	2007-12-19	2013
d88f70ce-40d4-4be4-8ed3-c31a03df31ef	2007-12-19	25486
d9717973-840e-46e1-af55-17f5086b888a	2007-12-19	412601
7ff7a20f-f3b8-4a25-9057-069ae3417c49	2007-12-19	5399
f1929b90-79f5-47aa-b983-51f108eb491f	2007-12-19	1206276
404ba0a7-f95c-44bf-9f2c-80aeb455fd9e	2007-12-19	52552
532189ab-76e9-48ce-8381-55a39de216d8	2007-12-19	9162
97fcca17-7b11-4623-8119-3be061265ad5	2007-12-19	69527
3bc95e4c-2fd6-428d-b55d-c3663be3e7e4	2007-12-19	45470
98284195-bc85-4473-b353-8113abdc9b79	2007-12-19	10699
18a99eb5-4dc5-4f37-b5e7-86fb9ded5b75	2007-12-19	849
6ccb8e14-2396-4953-998a-040bb307a8f0	2007-12-19	189793
2dab8eae-059e-4e98-b3e3-0b29107d3dd0	2007-12-19	2297
11036f2a-5080-4ec3-bac5-59e2a3ce734e	2007-12-19	8332
6ab9e0d3-3c07-4e85-9404-565a195f3f6c	2007-12-19	1346
6df4cdef-c55d-4a03-9055-3cbadcdd05aa	2007-12-19	6553
92cf8b6c-aa0f-461f-a554-8c18494b3a78	2007-12-19	167722
69fe6f86-b594-4521-8ae1-4b1d4b7ed620	2007-12-19	2300
2d519945-a6de-49ee-96e3-de80099cc339	2007-12-19	942
6fa048ce-0d12-49a4-81b9-7537214bdc78	2007-12-19	32
6c84f5a5-17cd-4f89-88a2-9ad994ddd282	2007-12-19	126017
5d030f0a-968a-43dd-8a94-931702f56f57	2007-12-19	12728
7102003b-a219-4357-bb18-111df7e1fc2b	2007-12-19	362
407ed7a7-5f5c-4cde-a069-78d5bd73ca25	2007-12-19	440
852628c6-f762-11e1-a439-00145eb45e9a	2007-12-19	67
f58d39ad-bd22-4da6-90a7-b6652555a64e	2007-12-19	17738
9ab4a2ce-0af7-4717-9aac-35820aa2490c	2007-12-19	98284
52246141-e0f3-4806-8de1-6911bc2436b8	2007-12-19	5760
f6f9b5c9-f06c-4e45-8577-7b749b98a37a	2007-12-19	239436
6f576898-0c06-4c20-b1ad-a0a9ada2c7cb	2007-12-19	22724
a42e266d-13bb-423a-895e-bcf80825017e	2007-12-19	42662
731b54bc-c6f5-4a25-bf04-680fb7784b8d	2007-12-19	16267
91e04ea2-b77b-44b8-b4f0-af8384a9f57c	2007-12-19	21777
e20345d6-0985-4d9b-a076-cf2bbd2aa66c	2007-12-19	211
cc2031d1-395d-4052-8ce1-796a08c3dbf2	2007-12-19	146711
1e439d01-a25c-40d5-970d-66f0d5e6f37b	2007-12-19	33548
85275ce6-f762-11e1-a439-00145eb45e9a	2007-12-19	7290
85288d1e-f762-11e1-a439-00145eb45e9a	2007-12-19	1659
8529b07c-f762-11e1-a439-00145eb45e9a	2007-12-19	11249
852b19da-f762-11e1-a439-00145eb45e9a	2007-12-19	1
0aae633b-d301-434d-9c0b-666db8224592	2007-12-19	59016
82022ed6-52ed-4574-b5da-27ee82da14d0	2007-12-19	3699
520237b3-b0b3-47b5-90e1-af12098d6128	2007-12-19	9436
852c6d44-f762-11e1-a439-00145eb45e9a	2007-12-19	30024
853006c0-f762-11e1-a439-00145eb45e9a	2007-12-19	337914
85312280-f762-11e1-a439-00145eb45e9a	2007-12-19	146624
85339498-f762-11e1-a439-00145eb45e9a	2007-12-19	321
8534df7e-f762-11e1-a439-00145eb45e9a	2007-12-19	895
8536111e-f762-11e1-a439-00145eb45e9a	2007-12-19	366
8539cd0e-f762-11e1-a439-00145eb45e9a	2007-12-19	13915
8544e720-f762-11e1-a439-00145eb45e9a	2007-12-19	18922
854610e6-f762-11e1-a439-00145eb45e9a	2007-12-19	2016
85484744-f762-11e1-a439-00145eb45e9a	2007-12-19	44098
854955ee-f762-11e1-a439-00145eb45e9a	2007-12-19	2960
854a88d8-f762-11e1-a439-00145eb45e9a	2007-12-19	10909
854bc2fc-f762-11e1-a439-00145eb45e9a	2007-12-19	296604
854cf79e-f762-11e1-a439-00145eb45e9a	2007-12-19	125659
854e35e6-f762-11e1-a439-00145eb45e9a	2007-12-19	70383
854f602e-f762-11e1-a439-00145eb45e9a	2007-12-19	10051
c2e3081a-ba91-40cf-b2df-9885a24b37dc	2007-12-19	46410
41b59050-0a12-11dd-953d-b8a03c50a862	2007-12-19	146809
56aa0680-0c60-11dd-84cd-b8a03c50a862	2007-12-19	85468
aab0cf80-0c64-11dd-84d1-b8a03c50a862	2007-12-19	258335
7fcf98b0-0c63-11dd-84d0-b8a03c50a862	2007-12-19	11408
5f501df0-0c61-11dd-84ce-b8a03c50a862	2007-12-19	17447
9e932f70-0c61-11dd-84ce-b8a03c50a862	2007-12-19	67371
1b7e83a0-0c61-11dd-84ce-b8a03c50a862	2007-12-19	146382
64be02e0-0c64-11dd-84d1-b8a03c50a862	2007-12-19	4376
50b31640-0c6f-11dd-84d3-b8a03c50a862	2007-12-19	16125
fe35d6a0-0c6e-11dd-84d2-b8a03c50a862	2007-12-19	127184
40d2de00-0c6e-11dd-84d2-b8a03c50a862	2007-12-19	3684
9070a460-0c6e-11dd-84d2-b8a03c50a862	2007-12-19	115737
f7b77040-0c64-11dd-84d1-b8a03c50a862	2007-12-19	9267
6aa7c400-0c66-11dd-84d2-b8a03c50a862	2007-12-19	370
cb335bb0-0c5f-11dd-84cd-b8a03c50a862	2007-12-19	15507
15b04450-0c60-11dd-84cd-b8a03c50a862	2007-12-19	59534
c1a13bf0-0c71-11dd-84d4-b8a03c50a862	2007-12-19	38078
855199ca-f762-11e1-a439-00145eb45e9a	2007-12-19	3537
8552b53a-f762-11e1-a439-00145eb45e9a	2007-12-19	6627
8553e1c6-f762-11e1-a439-00145eb45e9a	2007-12-19	1474
85550114-f762-11e1-a439-00145eb45e9a	2007-12-19	93
85562800-f762-11e1-a439-00145eb45e9a	2007-12-19	479
85574fe6-f762-11e1-a439-00145eb45e9a	2007-12-19	8503
85586d4a-f762-11e1-a439-00145eb45e9a	2007-12-19	598
85599242-f762-11e1-a439-00145eb45e9a	2007-12-19	399
855abc6c-f762-11e1-a439-00145eb45e9a	2007-12-19	7068
855bdbc4-f762-11e1-a439-00145eb45e9a	2007-12-19	1686
855cef78-f762-11e1-a439-00145eb45e9a	2007-12-19	24
855e1074-f762-11e1-a439-00145eb45e9a	2007-12-19	1645
855f3634-f762-11e1-a439-00145eb45e9a	2007-12-19	3110
85604c9a-f762-11e1-a439-00145eb45e9a	2007-12-19	3023
85616d0a-f762-11e1-a439-00145eb45e9a	2007-12-19	1377
8562897e-f762-11e1-a439-00145eb45e9a	2007-12-19	576
8563a8f4-f762-11e1-a439-00145eb45e9a	2007-12-19	205
7948250c-6958-4a29-a670-ed1015b26252	2007-12-19	134344
68a0650f-96ae-499c-8b2a-a4f92c01e4b3	2007-12-19	17171
e4deab67-0998-4140-b573-0ba1f624eb3e	2007-12-19	139138
d74d5b23-922d-40ff-9120-eb742d1d66f6	2007-12-19	150509
695de7d9-e608-49fd-8fe2-dafb59810784	2007-12-19	69930
fb1ecd28-f09e-4747-8bde-0b3d7a6f78d1	2007-12-19	67142
ec1922d6-292e-4443-8bae-deba1092856b	2007-12-19	28146
41690f55-ccbe-48ba-8238-01173f657072	2007-12-19	29360
26f5b360-8770-4d54-9c2d-397798a5e513	2007-12-19	58380
1939e560-d089-44b5-99fb-3ff15e4d34be	2007-12-19	59739
b80a8d39-2e0e-4ae4-91e4-03ee6dc9d1bc	2007-12-19	1255
e45c7d91-81c6-4455-86e3-2965a5739b1f	2007-12-19	477520
d34ed8a4-d3cb-473c-a11c-79c5fec4d649	2007-12-19	1087544
ad0d1a24-e952-11e2-961f-00145eb45e9a	2007-12-19	256514
856734ce-f762-11e1-a439-00145eb45e9a	2007-12-19	23
85685a84-f762-11e1-a439-00145eb45e9a	2007-12-19	6617
85697f04-f762-11e1-a439-00145eb45e9a	2007-12-19	1347
856aa56e-f762-11e1-a439-00145eb45e9a	2007-12-19	963
856bc8c2-f762-11e1-a439-00145eb45e9a	2007-12-19	9558
856cdf96-f762-11e1-a439-00145eb45e9a	2007-12-19	587
856f13d8-f762-11e1-a439-00145eb45e9a	2007-12-19	2178
85703434-f762-11e1-a439-00145eb45e9a	2007-12-19	1359
85714c48-f762-11e1-a439-00145eb45e9a	2007-12-19	56426
85727f1e-f762-11e1-a439-00145eb45e9a	2007-12-19	11492
85739778-f762-11e1-a439-00145eb45e9a	2007-12-19	73452
8574c6a2-f762-11e1-a439-00145eb45e9a	2007-12-19	3916545
8575f23e-f762-11e1-a439-00145eb45e9a	2007-12-19	2655
85771146-f762-11e1-a439-00145eb45e9a	2007-12-19	29184
857846ba-f762-11e1-a439-00145eb45e9a	2007-12-19	6
85796928-f762-11e1-a439-00145eb45e9a	2007-12-19	23820
857aa892-f762-11e1-a439-00145eb45e9a	2007-12-19	3191287
857bce66-f762-11e1-a439-00145eb45e9a	2007-12-19	2074506
857cea12-f762-11e1-a439-00145eb45e9a	2007-12-19	89918
857e1bda-f762-11e1-a439-00145eb45e9a	2007-12-19	2867
51b92d4e-556f-4a05-bc5c-bfe982ee1156	2007-12-19	18655
8186b0c0-925e-11da-8900-b8a03c50a862	2007-12-19	488914
85802736-f762-11e1-a439-00145eb45e9a	2007-12-19	283928
85818aea-f762-11e1-a439-00145eb45e9a	2007-12-19	610580
8582b50a-f762-11e1-a439-00145eb45e9a	2007-12-19	433072
8583f4f6-f762-11e1-a439-00145eb45e9a	2007-12-19	56727
858528da-f762-11e1-a439-00145eb45e9a	2007-12-19	26568
85864fc6-f762-11e1-a439-00145eb45e9a	2007-12-19	12730
85877766-f762-11e1-a439-00145eb45e9a	2007-12-19	174617
97d89f80-f762-11e1-a439-00145eb45e9a	2007-12-19	114047
8589cc8c-f762-11e1-a439-00145eb45e9a	2007-12-19	3609
858af49a-f762-11e1-a439-00145eb45e9a	2007-12-19	21186
858c1c6c-f762-11e1-a439-00145eb45e9a	2007-12-19	3753
858d51e0-f762-11e1-a439-00145eb45e9a	2007-12-19	5828
858e7462-f762-11e1-a439-00145eb45e9a	2007-12-19	1469
858fa2ec-f762-11e1-a439-00145eb45e9a	2007-12-19	7377
8590c99c-f762-11e1-a439-00145eb45e9a	2007-12-19	4125
8591ecaa-f762-11e1-a439-00145eb45e9a	2007-12-19	2931
85930e96-f762-11e1-a439-00145eb45e9a	2007-12-19	1877
859445c2-f762-11e1-a439-00145eb45e9a	2007-12-19	1386
f7c496b0-9300-11da-8596-b8a03c50a862	2007-12-19	71395
bf5ed960-9fcc-11da-a90c-b8a03c50a862	2007-12-19	356
fdf5cc60-9fcc-11da-a90c-b8a03c50a862	2007-12-19	42535
28074400-9169-11db-9f6d-b8a03c50a862	2007-12-19	2689
128548c0-9169-11db-9f6c-b8a03c50a862	2007-12-19	1225
31f53a30-9169-11db-9f6d-b8a03c50a862	2007-12-19	2565
ff03d870-9168-11db-9f6c-b8a03c50a862	2007-12-19	4333
6ef3e630-925e-11da-8900-b8a03c50a862	2007-12-19	54199
ad9a17b0-ad1f-11db-9793-b8a03c50a862	2007-12-19	3918
f4ae0140-9fcc-11da-a90c-b8a03c50a862	2007-12-19	4177
bd04a030-ad1f-11db-9793-b8a03c50a862	2007-12-19	7823
ca5ff7c0-ad1f-11db-9793-b8a03c50a862	2007-12-19	7509
0faf7500-9fcd-11da-a90c-b8a03c50a862	2007-12-19	420
1757e800-9fcd-11da-a90d-b8a03c50a862	2007-12-19	2335
37f48e00-1fe8-11dc-b461-b8a03c50a862	2007-12-19	1456092
85969598-f762-11e1-a439-00145eb45e9a	2007-12-19	51
8597c530-f762-11e1-a439-00145eb45e9a	2007-12-19	661
8641b120-af9d-11db-ad75-b8a03c50a862	2007-12-19	9719
8598edb6-f762-11e1-a439-00145eb45e9a	2007-12-19	28641
859a1f24-f762-11e1-a439-00145eb45e9a	2007-12-19	802
859b45fc-f762-11e1-a439-00145eb45e9a	2007-12-19	10961
859c6946-f762-11e1-a439-00145eb45e9a	2007-12-19	34251
859d978a-f762-11e1-a439-00145eb45e9a	2007-12-19	669
859ecdee-f762-11e1-a439-00145eb45e9a	2007-12-19	5815
859fe27e-f762-11e1-a439-00145eb45e9a	2007-12-19	2483
a6517a30-13a6-11de-b2de-b8a03c50a862	2007-12-19	1236
c0e00e40-13ae-11de-b2de-b8a03c50a862	2007-12-19	733
0ff61a20-13c7-11de-b2df-b8a03c50a862	2007-12-19	511
85a214d6-f762-11e1-a439-00145eb45e9a	2007-12-19	15045
c2183cf0-13aa-11de-b2de-b8a03c50a862	2007-12-19	969
610f5cf0-13c7-11de-b2e0-b8a03c50a862	2007-12-19	7728
85a347c0-f762-11e1-a439-00145eb45e9a	2007-12-19	31906
81fb06c0-af9d-11db-ad75-b8a03c50a862	2007-12-19	592
cce04086-6c7c-11e2-90ce-00145eb45e9a	2007-12-19	34668
c18ebb72-6c7c-11e2-90ce-00145eb45e9a	2007-12-19	330
c40738de-6c7c-11e2-90ce-00145eb45e9a	2007-12-19	8418
e4434e00-a215-11da-beae-b8a03c50a862	2007-12-19	5443
85a9e3a0-f762-11e1-a439-00145eb45e9a	2007-12-19	42747
85ab1bf8-f762-11e1-a439-00145eb45e9a	2007-12-19	22817
62f49c30-925e-11da-8900-b8a03c50a862	2007-12-19	617
533e8bc0-925e-11da-8900-b8a03c50a862	2007-12-19	4289
421b56c0-925e-11da-8900-b8a03c50a862	2007-12-19	679
ac7352e0-0516-11db-a8cf-b8a03c50a862	2007-12-19	2324
28913bf0-adee-11db-ad75-b8a03c50a862	2007-12-19	2576
83bc2910-34c1-11da-9a7b-b8a03c50a862	2007-12-19	558
79bf7c00-c240-11dc-ab55-b8a03c50a862	2007-12-19	1728
147133d0-6ff7-11db-b2a6-b8a03c50a862	2007-12-19	5733
85ac3c18-f762-11e1-a439-00145eb45e9a	2007-12-19	87471
85ad6c96-f762-11e1-a439-00145eb45e9a	2007-12-19	8083
85af82a6-f762-11e1-a439-00145eb45e9a	2007-12-19	114972
85b0a82a-f762-11e1-a439-00145eb45e9a	2007-12-19	34138
85b1cfb6-f762-11e1-a439-00145eb45e9a	2007-12-19	110284
85b2fcd8-f762-11e1-a439-00145eb45e9a	2007-12-19	60110
85b41bf4-f762-11e1-a439-00145eb45e9a	2007-12-19	1597
85b571c0-f762-11e1-a439-00145eb45e9a	2007-12-19	9754
85b69b0e-f762-11e1-a439-00145eb45e9a	2007-12-19	2532
85b7c056-f762-11e1-a439-00145eb45e9a	2007-12-19	4028
85b8ed3c-f762-11e1-a439-00145eb45e9a	2007-12-19	11079
427a6290-0c65-11dd-84d2-b8a03c50a862	2007-12-19	144769
85ba34ee-f762-11e1-a439-00145eb45e9a	2007-12-19	1068
85bb8376-f762-11e1-a439-00145eb45e9a	2007-12-19	21380
85bcaab2-f762-11e1-a439-00145eb45e9a	2007-12-19	1997
85c2c776-f762-11e1-a439-00145eb45e9a	2007-12-19	14590
197908d0-5565-11d8-b290-b8a03c50a862	2007-12-19	2137834
85c667c8-f762-11e1-a439-00145eb45e9a	2007-12-19	1995
85c79c92-f762-11e1-a439-00145eb45e9a	2007-12-19	16382
85c8e444-f762-11e1-a439-00145eb45e9a	2007-12-19	17980
85ca1a94-f762-11e1-a439-00145eb45e9a	2007-12-19	45
85cb5094-f762-11e1-a439-00145eb45e9a	2007-12-19	260
85cca098-f762-11e1-a439-00145eb45e9a	2007-12-19	398
85cdfbfa-f762-11e1-a439-00145eb45e9a	2007-12-19	2456
85cf474e-f762-11e1-a439-00145eb45e9a	2007-12-19	390
85d06214-f762-11e1-a439-00145eb45e9a	2007-12-19	104
85d1878e-f762-11e1-a439-00145eb45e9a	2007-12-19	41
85d2ae8e-f762-11e1-a439-00145eb45e9a	2007-12-19	30
85d3cfda-f762-11e1-a439-00145eb45e9a	2007-12-19	28
85d4fb26-f762-11e1-a439-00145eb45e9a	2007-12-19	73
85d61e48-f762-11e1-a439-00145eb45e9a	2007-12-19	111
85d73d50-f762-11e1-a439-00145eb45e9a	2007-12-19	37
85d88d4a-f762-11e1-a439-00145eb45e9a	2007-12-19	16
85d9bfe4-f762-11e1-a439-00145eb45e9a	2007-12-19	12
85daead6-f762-11e1-a439-00145eb45e9a	2007-12-19	80
85dc2086-f762-11e1-a439-00145eb45e9a	2007-12-19	37
85dd63ba-f762-11e1-a439-00145eb45e9a	2007-12-19	55
85de82d6-f762-11e1-a439-00145eb45e9a	2007-12-19	66
85df9d6a-f762-11e1-a439-00145eb45e9a	2007-12-19	3
85e0d400-f762-11e1-a439-00145eb45e9a	2007-12-19	19
85e1e64c-f762-11e1-a439-00145eb45e9a	2007-12-19	4
85e3194a-f762-11e1-a439-00145eb45e9a	2007-12-19	49
85e437d0-f762-11e1-a439-00145eb45e9a	2007-12-19	9
85e549a4-f762-11e1-a439-00145eb45e9a	2007-12-19	3
85e668fc-f762-11e1-a439-00145eb45e9a	2007-12-19	19164
e97c59bc-591d-4fa5-987e-2c2f56dcf05d	2007-12-19	1462
eb9f8323-02f8-4e10-a9e6-48fca6cb3f72	2007-12-19	100
dfbcc24c-d90a-404e-b2b0-723022664145	2007-12-19	14878
32402e28-19bb-4b47-b467-74ff52fbc6d9	2007-12-19	4760
15f7a6a7-a684-42b1-a05f-4de243e389c4	2007-12-19	1041
aa1098c9-8138-4596-bfae-2248c4b89f32	2007-12-19	39745
b38781b1-b0aa-4ab4-a411-4514ff80bdcf	2007-12-19	587
85e79b82-f762-11e1-a439-00145eb45e9a	2007-12-19	2174
85e8c69c-f762-11e1-a439-00145eb45e9a	2007-12-19	13391
85f12e86-f762-11e1-a439-00145eb45e9a	2007-12-19	3491
85f26058-f762-11e1-a439-00145eb45e9a	2007-12-19	3703
85f38230-f762-11e1-a439-00145eb45e9a	2007-12-19	11998
85f4c2a8-f762-11e1-a439-00145eb45e9a	2007-12-19	2257
85f5fd4e-f762-11e1-a439-00145eb45e9a	2007-12-19	1166
85f72502-f762-11e1-a439-00145eb45e9a	2007-12-19	6348
85f8466c-f762-11e1-a439-00145eb45e9a	2007-12-19	39810
85f98e28-f762-11e1-a439-00145eb45e9a	2007-12-19	6723
85facc5c-f762-11e1-a439-00145eb45e9a	2007-12-19	11463
85fc0ce8-f762-11e1-a439-00145eb45e9a	2007-12-19	2278
de49c340-0c61-11dd-84ce-b8a03c50a862	2007-12-19	19646
400b65c0-0c62-11dd-84cf-b8a03c50a862	2007-12-19	1829
85fd399c-f762-11e1-a439-00145eb45e9a	2007-12-19	33699
85fe49f4-f762-11e1-a439-00145eb45e9a	2007-12-19	2800
85ff6f64-f762-11e1-a439-00145eb45e9a	2007-12-19	1358
8600992a-f762-11e1-a439-00145eb45e9a	2007-12-19	341
8601bda0-f762-11e1-a439-00145eb45e9a	2007-12-19	126
17a729a0-7ed1-11df-8c4a-0800200c9a66	2007-12-19	15000
86040e48-f762-11e1-a439-00145eb45e9a	2007-12-19	76341
8605323c-f762-11e1-a439-00145eb45e9a	2007-12-19	72625
8606653a-f762-11e1-a439-00145eb45e9a	2007-12-19	86648
86078cbc-f762-11e1-a439-00145eb45e9a	2007-12-19	75706
8608bfc4-f762-11e1-a439-00145eb45e9a	2007-12-19	82756
8609f1a0-f762-11e1-a439-00145eb45e9a	2007-12-19	81894
860b21e2-f762-11e1-a439-00145eb45e9a	2007-12-19	91633
860c496e-f762-11e1-a439-00145eb45e9a	2007-12-19	72316
860d8130-f762-11e1-a439-00145eb45e9a	2007-12-19	68539
860ea088-f762-11e1-a439-00145eb45e9a	2007-12-19	67661
fc5248b0-2fe9-11de-816f-b8a03c50a862	2007-12-19	3883
7f318210-2fe9-11de-816f-b8a03c50a862	2007-12-19	10194
8610e5c8-f762-11e1-a439-00145eb45e9a	2007-12-19	2586
8612280c-f762-11e1-a439-00145eb45e9a	2007-12-19	6002
861392fa-f762-11e1-a439-00145eb45e9a	2007-12-19	6004
8614cad0-f762-11e1-a439-00145eb45e9a	2007-12-19	2000
8615fad6-f762-11e1-a439-00145eb45e9a	2007-12-19	3634
86172abe-f762-11e1-a439-00145eb45e9a	2007-12-19	5000
86185376-f762-11e1-a439-00145eb45e9a	2007-12-19	3000
8619a294-f762-11e1-a439-00145eb45e9a	2007-12-19	1540
861ae8f2-f762-11e1-a439-00145eb45e9a	2007-12-19	898
861bff1c-f762-11e1-a439-00145eb45e9a	2007-12-19	2063
861d3d64-f762-11e1-a439-00145eb45e9a	2007-12-19	27793
861e6afe-f762-11e1-a439-00145eb45e9a	2007-12-19	173215
8620dec4-f762-11e1-a439-00145eb45e9a	2007-12-19	15565
86221faa-f762-11e1-a439-00145eb45e9a	2007-12-19	82649
862344a2-f762-11e1-a439-00145eb45e9a	2007-12-19	5093
86292b1a-f762-11e1-a439-00145eb45e9a	2007-12-19	11378
862a5300-f762-11e1-a439-00145eb45e9a	2007-12-19	7949
862b870c-f762-11e1-a439-00145eb45e9a	2007-12-19	3964
862cab0a-f762-11e1-a439-00145eb45e9a	2007-12-19	375
862dcbc0-f762-11e1-a439-00145eb45e9a	2007-12-19	782
862ef23e-f762-11e1-a439-00145eb45e9a	2007-12-19	839
86300b88-f762-11e1-a439-00145eb45e9a	2007-12-19	31
8631295a-f762-11e1-a439-00145eb45e9a	2007-12-19	41445
8632588e-f762-11e1-a439-00145eb45e9a	2007-12-19	9266
86339956-f762-11e1-a439-00145eb45e9a	2007-12-19	846
8634d730-f762-11e1-a439-00145eb45e9a	2007-12-19	145863
8635ed00-f762-11e1-a439-00145eb45e9a	2007-12-19	190
86372972-f762-11e1-a439-00145eb45e9a	2007-12-19	234
863844d8-f762-11e1-a439-00145eb45e9a	2007-12-19	1201
86397e70-f762-11e1-a439-00145eb45e9a	2007-12-19	798
863a8ee6-f762-11e1-a439-00145eb45e9a	2007-12-19	452
863ba0d8-f762-11e1-a439-00145eb45e9a	2007-12-19	131
863cbacc-f762-11e1-a439-00145eb45e9a	2007-12-19	10
863dd268-f762-11e1-a439-00145eb45e9a	2007-12-19	4
907f77a0-fd52-11db-ace1-b8a03c50a862	2007-12-19	1735
490fd890-fd5e-11db-ace1-b8a03c50a862	2007-12-19	1383
863efcc4-f762-11e1-a439-00145eb45e9a	2007-12-19	12974
86403148-f762-11e1-a439-00145eb45e9a	2007-12-19	547
86417f58-f762-11e1-a439-00145eb45e9a	2007-12-19	1684
8642bfd0-f762-11e1-a439-00145eb45e9a	2007-12-19	146521
86442d3e-f762-11e1-a439-00145eb45e9a	2007-12-19	2087
8645653c-f762-11e1-a439-00145eb45e9a	2007-12-19	464
8646a0c8-f762-11e1-a439-00145eb45e9a	2007-12-19	2345
8647dc9a-f762-11e1-a439-00145eb45e9a	2007-12-19	366
8648fdbe-f762-11e1-a439-00145eb45e9a	2007-12-19	634258
f4419c70-614f-11e2-897a-00145eb45e9a	2007-12-19	424553
864c8736-f762-11e1-a439-00145eb45e9a	2007-12-19	928561
864da4c2-f762-11e1-a439-00145eb45e9a	2007-12-19	195264
864eb98e-f762-11e1-a439-00145eb45e9a	2007-12-19	1286
864ff0ce-f762-11e1-a439-00145eb45e9a	2007-12-19	490
c1a8bb3a-bc86-4ff1-97fc-6a30ff78961a	2007-12-19	13
8926226e-ceae-4bba-9808-bd13eb917f88	2007-12-19	88
b4cff3c4-f8e2-402b-9d5e-bb263dd6ed26	2007-12-19	52495
edf03db8-68cf-48ac-a545-15f89c88e113	2007-12-19	10419
027e7308-c9e7-46c7-8d56-08e1d525b03b	2007-12-19	27988
f7f419bd-519f-4112-b512-0bb019439d05	2007-12-19	3832
86523cda-f762-11e1-a439-00145eb45e9a	2007-12-19	24
865368a8-f762-11e1-a439-00145eb45e9a	2007-12-19	677
8654a006-f762-11e1-a439-00145eb45e9a	2007-12-19	176
8655c292-f762-11e1-a439-00145eb45e9a	2007-12-19	1429
8656f716-f762-11e1-a439-00145eb45e9a	2007-12-19	4124
7b117ea6-29b0-4575-8cff-c7af7283340f	2007-12-19	1101
865ba536-f762-11e1-a439-00145eb45e9a	2007-12-19	4240
865cd00a-f762-11e1-a439-00145eb45e9a	2007-12-19	166
865df020-f762-11e1-a439-00145eb45e9a	2007-12-19	547761
86663a78-f762-11e1-a439-00145eb45e9a	2007-12-19	1358
866775be-f762-11e1-a439-00145eb45e9a	2007-12-19	25940
866a0414-f762-11e1-a439-00145eb45e9a	2007-12-19	122
866b2f1a-f762-11e1-a439-00145eb45e9a	2007-12-19	22540
866c6b78-f762-11e1-a439-00145eb45e9a	2007-12-19	66248
866d9228-f762-11e1-a439-00145eb45e9a	2007-12-19	1
866eaf00-f762-11e1-a439-00145eb45e9a	2007-12-19	41695
866fe1e0-f762-11e1-a439-00145eb45e9a	2007-12-19	869
86711916-f762-11e1-a439-00145eb45e9a	2007-12-19	132458
86726302-f762-11e1-a439-00145eb45e9a	2007-12-19	337
867389d0-f762-11e1-a439-00145eb45e9a	2007-12-19	25793
8674cf20-f762-11e1-a439-00145eb45e9a	2007-12-19	7723
86760a98-f762-11e1-a439-00145eb45e9a	2007-12-19	16007
86774d04-f762-11e1-a439-00145eb45e9a	2007-12-19	359
86788d2c-f762-11e1-a439-00145eb45e9a	2007-12-19	464
8679c142-f762-11e1-a439-00145eb45e9a	2007-12-19	2087
867b3fb8-f762-11e1-a439-00145eb45e9a	2007-12-19	29876
867c8490-f762-11e1-a439-00145eb45e9a	2007-12-19	46156
867dbe0a-f762-11e1-a439-00145eb45e9a	2007-12-19	101661
ce416850-8934-11dc-9962-b8a03c50a862	2007-12-19	9017
867eed48-f762-11e1-a439-00145eb45e9a	2007-12-19	5285
868015d8-f762-11e1-a439-00145eb45e9a	2007-12-19	431
4d216d91-3754-4121-959b-88fef2947cff	2007-12-19	9948
a646b5c3-237e-4057-84d5-266ea0185e34	2007-12-19	16866
042b2294-d6ec-4a9c-bafe-0be82c035350	2007-12-19	6848
e316afc7-2ec6-45e6-b48e-8d06d56772b0	2007-12-19	8006
f2432903-d59c-4e10-8001-7c3be469687a	2007-12-19	3680
840c0c39-ebdf-4679-9730-aec440b5cb8e	2007-12-19	3632
776e8e76-65b5-4cb0-ba08-509feb8c8808	2007-12-19	346
426f591a-e285-444a-97d3-5d52ba17d1f8	2007-12-19	51
8682e420-f762-11e1-a439-00145eb45e9a	2007-12-19	32013
868c0cb2-f762-11e1-a439-00145eb45e9a	2007-12-19	3025
86986958-f762-11e1-a439-00145eb45e9a	2007-12-19	13553
86a55fbe-f762-11e1-a439-00145eb45e9a	2007-12-19	1110
86a69ffa-f762-11e1-a439-00145eb45e9a	2007-12-19	22367
86a7c47a-f762-11e1-a439-00145eb45e9a	2007-12-19	17473
3c7d6270-9681-11dc-8149-b8a03c50a862	2007-12-19	83
86a91582-f762-11e1-a439-00145eb45e9a	2007-12-19	31508
86aa6b6c-f762-11e1-a439-00145eb45e9a	2007-12-19	257532
86aba78e-f762-11e1-a439-00145eb45e9a	2007-12-19	38612
86acf7e2-f762-11e1-a439-00145eb45e9a	2007-12-19	15635
86ae478c-f762-11e1-a439-00145eb45e9a	2007-12-19	57493
86afafd2-f762-11e1-a439-00145eb45e9a	2007-12-19	1233
86b11106-f762-11e1-a439-00145eb45e9a	2007-12-19	436
86b262c2-f762-11e1-a439-00145eb45e9a	2007-12-19	3084
86b3c16c-f762-11e1-a439-00145eb45e9a	2007-12-19	13716
8e93fad0-a705-11dc-80be-b8a03c50a862	2007-12-19	6202
